Group_ID,High,Low,Medium
1,5,0,0
2,5,0,0
3,0,0,5
4,0,0,5
5,5,0,0
6,0,0,5
7,0,0,5
8,0,0,5
9,1,0,4
10,5,0,0
11,0,1,4
12,5,0,0
13,3,0,2
14,5,0,0
15,5,0,0
16,5,0,0
17,3,0,2
18,5,0,0
19,5,0,0
20,4,0,1
21,5,0,0
22,0,0,5
23,5,0,0
24,2,0,3
25,5,0,0
26,5,0,0
27,0,0,5
28,5,0,0
29,5,0,0
30,5,0,0
31,5,0,0
32,5,0,0
33,5,0,0
34,1,0,4
35,5,0,0
36,5,0,0
37,5,0,0
38,5,0,0
39,0,0,5
40,5,0,0
41,4,0,1
42,5,0,0
43,0,0,5
44,0,0,5
45,5,0,0
46,5,0,0
47,5,0,0
48,0,0,5
49,0,0,5
50,5,0,0
51,5,0,0
52,5,0,0
53,5,0,0
54,5,0,0
55,5,0,0
56,5,0,0
57,0,0,5
58,5,0,0
59,5,0,0
60,5,0,0
61,5,0,0
62,5,0,0
63,3,0,2
64,5,0,0
65,0,0,5
66,5,0,0
67,1,0,4
68,0,0,5
69,2,0,3
70,5,0,0
71,5,0,0
72,5,0,0
73,0,0,5
74,2,0,3
75,1,0,4
76,5,0,0
77,5,0,0
78,0,0,5
79,1,0,2
80,2,0,3
81,3,0,2
82,2,0,3
83,5,0,0
84,3,0,2
85,2,0,3
86,5,0,0
87,5,0,0
88,5,0,0
89,5,0,0
90,5,0,0
91,5,0,0
92,5,0,0
93,5,0,0
94,4,0,1
95,5,0,0
96,5,0,0
97,5,0,0
98,4,0,1
99,5,0,0
100,5,0,0
101,5,0,0
102,5,0,0
103,5,0,0
104,5,0,0
105,5,0,0
106,5,0,0
107,5,0,0
108,5,0,0
109,5,0,0
110,5,0,0
111,5,0,0
112,3,0,2
113,0,0,5
114,0,0,5
115,2,0,3
116,5,0,0
117,5,0,0
118,5,0,0
119,5,0,0
120,5,0,0
121,5,0,0
122,3,0,2
123,1,0,4
124,0,0,5
125,0,0,5
126,2,0,3
127,5,0,0
128,1,0,4
129,2,0,3
130,5,0,0
131,3,0,2
132,2,0,3
133,5,0,0
134,5,0,0
135,3,0,2
136,0,0,5
137,2,0,3
138,4,0,1
139,4,0,1
140,5,0,0
141,5,0,0
142,5,0,0
143,3,1,1
144,0,0,5
145,1,0,4
146,1,0,4
147,2,0,3
148,5,0,0
149,5,0,0
150,5,0,0
151,5,0,0
152,3,0,2
153,5,0,0
154,5,0,0
155,5,0,0
156,4,0,1
157,2,0,3
158,5,0,0
159,5,0,0
160,5,0,0
161,5,0,0
162,5,0,0
163,5,0,0
164,5,0,0
165,4,1,0
166,5,0,0
167,3,0,2
168,2,0,3
169,3,0,2
170,2,0,3
171,5,0,0
172,3,0,2
173,0,2,3
174,0,1,4
175,2,0,3
176,3,0,2
177,2,0,3
178,5,0,0
179,5,0,0
180,3,0,2
181,2,0,3
182,4,0,1
183,4,0,1
184,5,0,0
185,3,0,2
186,0,0,5
187,0,0,5
188,2,0,3
189,2,0,3
190,3,0,2
191,0,0,5
192,0,0,5
193,2,0,3
194,5,0,0
195,3,0,2
196,0,0,5
197,1,0,4
198,2,0,3
199,5,0,0
200,2,0,3
201,0,0,5
202,2,0,3
203,5,0,0
204,5,0,0
205,5,0,0
206,3,0,2
207,2,0,3
208,5,0,0
209,5,0,0
210,5,0,0
211,3,0,2
212,1,0,4
213,0,0,5
214,0,0,5
215,2,0,3
216,5,0,0
217,5,0,0
218,5,0,0
219,5,0,0
220,5,0,0
221,3,0,2
222,0,0,5
223,2,0,3
224,3,0,2
225,2,0,3
226,5,0,0
227,3,0,2
228,1,0,4
229,0,0,5
230,2,0,3
231,5,0,0
232,5,0,0
233,5,0,0
234,3,0,2
235,0,0,5
236,2,0,3
237,5,0,0
238,5,0,0
239,5,0,0
240,5,0,0
241,5,0,0
242,5,0,0
243,5,0,0
244,3,0,2
245,2,0,3
246,3,0,2
247,2,0,3
248,5,0,0
249,3,0,2
250,0,0,5
251,3,0,2
252,5,0,0
253,5,0,0
254,5,0,0
255,5,0,0
256,5,0,0
257,5,0,0
258,3,0,2
259,3,0,2
260,5,0,0
261,3,0,2
262,2,1,2
263,5,0,0
264,4,0,1
265,5,0,0
266,5,0,0
267,5,0,0
268,5,0,0
269,5,0,0
270,3,0,2
271,0,0,5
272,2,0,3
273,3,0,2
274,2,0,3
275,3,0,2
276,2,0,3
277,3,0,2
278,2,0,3
279,5,0,0
280,4,0,1
281,3,0,2
282,5,0,0
283,2,0,3
284,2,0,3
285,5,0,0
286,5,0,0
287,3,0,2
288,0,0,5
289,0,0,5
290,0,0,5
291,2,0,3
292,3,0,2
293,2,0,3
294,5,0,0
295,3,0,2
296,0,0,5
297,0,0,5
298,0,0,5
299,0,0,5
300,0,0,5
301,2,0,3
302,3,0,2
303,2,0,3
304,5,0,0
305,4,0,1
306,0,0,5
307,2,0,3
308,3,0,2
309,2,0,3
310,3,0,2
311,2,0,3
312,5,0,0
313,2,0,3
314,2,0,3
315,5,0,0
316,3,0,2
317,2,0,3
318,5,0,0
319,5,0,0
320,5,0,0
321,5,0,0
322,5,0,0
323,5,0,0
324,3,0,2
325,2,0,3
326,5,0,0
327,5,0,0
328,5,0,0
329,5,0,0
330,5,0,0
331,5,0,0
332,5,0,0
333,5,0,0
334,5,0,0
335,5,0,0
336,5,0,0
337,5,0,0
338,5,0,0
339,5,0,0
340,5,0,0
341,5,0,0
342,3,0,2
343,2,0,3
344,4,0,1
345,5,0,0
346,3,0,2
347,2,0,3
348,5,0,0
349,5,0,0
350,5,0,0
351,2,0,3
352,5,0,0
353,4,0,1
354,4,0,1
355,5,0,0
356,5,0,0
357,5,0,0
358,5,0,0
359,5,0,0
360,5,0,0
361,3,0,2
362,4,0,1
363,5,0,0
364,5,0,0
365,5,0,0
366,5,0,0
367,5,0,0
368,5,0,0
369,4,0,1
370,5,0,0
371,4,0,1
372,5,0,0
373,3,0,2
374,2,0,3
375,5,0,0
376,4,0,1
377,2,0,3
378,5,0,0
379,5,0,0
380,5,0,0
381,5,0,0
382,5,0,0
383,5,0,0
384,5,0,0
385,5,0,0
386,3,0,2
387,0,0,5
388,2,0,3
389,5,0,0
390,5,0,0
391,5,0,0
392,4,0,1
393,3,0,2
394,5,0,0
395,5,0,0
396,5,0,0
397,3,0,2
398,2,0,3
399,5,0,0
400,3,0,2
401,0,0,5
402,2,0,3
403,5,0,0
404,5,0,0
405,5,0,0
406,5,0,0
407,5,0,0
408,3,0,2
409,5,0,0
410,5,0,0
411,5,0,0
412,5,0,0
413,5,0,0
414,5,0,0
415,5,0,0
416,5,0,0
417,5,0,0
418,5,0,0
419,5,0,0
420,5,0,0
421,5,0,0
422,5,0,0
423,5,0,0
424,3,2,0
425,0,4,1
426,0,5,0
427,0,5,0
428,0,5,0
429,0,5,0
430,0,5,0
431,0,5,0
432,2,3,0
433,0,0,5
434,2,0,3
435,4,0,1
436,2,0,3
437,4,0,1
438,5,0,0
439,5,0,0
440,3,0,2
441,0,0,5
442,0,2,3
443,2,3,0
444,5,0,0
445,3,0,2
446,2,0,3
447,5,0,0
448,4,0,1
449,2,0,3
450,2,0,3
451,3,0,2
452,0,0,5
453,0,0,5
454,0,0,5
455,0,2,3
456,2,0,3
457,5,0,0
458,3,0,2
459,3,0,2
460,5,0,0
461,5,0,0
462,5,0,0
463,3,0,2
464,2,0,3
465,5,0,0
466,5,0,0
467,5,0,0
468,5,0,0
469,5,0,0
470,5,0,0
471,4,0,1
472,2,0,3
473,2,0,0
474,2,0,2
475,0,0,5
476,5,0,0
477,0,0,5
478,5,0,0
479,5,0,0
480,5,0,0
481,5,0,0
482,0,0,5
483,0,0,5
484,5,0,0
485,0,0,5
486,0,0,5
487,5,0,0
488,5,0,0
489,5,0,0
490,5,0,0
491,0,3,2
492,0,0,5
493,5,0,0
494,0,0,5
495,5,0,0
496,5,0,0
497,5,0,0
498,5,0,0
499,5,0,0
500,5,0,0
501,0,0,5
502,4,0,1
503,5,0,0
504,5,0,0
505,5,0,0
506,5,0,0
507,5,0,0
508,5,0,0
509,5,0,0
510,1,0,4
511,5,0,0
512,5,0,0
513,5,0,0
514,5,0,0
515,5,0,0
516,5,0,0
517,5,0,0
518,5,0,0
519,0,0,5
520,0,1,4
521,5,0,0
522,5,0,0
523,5,0,0
524,2,0,3
525,0,0,5
526,1,0,4
527,5,0,0
528,5,0,0
529,5,0,0
530,5,0,0
531,5,0,0
532,5,0,0
533,5,0,0
534,5,0,0
535,5,0,0
536,0,0,5
537,5,0,0
538,5,0,0
539,5,0,0
540,5,0,0
541,0,0,5
542,5,0,0
543,0,0,5
544,5,0,0
545,5,0,0
546,5,0,0
547,0,0,5
548,0,0,5
549,5,0,0
550,0,0,5
551,5,0,0
552,0,0,5
553,4,0,1
554,5,0,0
555,3,0,2
556,5,0,0
557,5,0,0
558,5,0,0
559,5,0,0
560,5,0,0
561,3,0,2
562,5,0,0
563,5,0,0
564,1,0,4
565,5,0,0
566,5,0,0
567,5,0,0
568,0,0,5
569,4,0,1
570,5,0,0
571,5,0,0
572,5,0,0
573,5,0,0
574,5,0,0
575,5,0,0
576,5,0,0
577,5,0,0
578,5,0,0
579,0,0,5
580,5,0,0
581,5,0,0
582,0,0,5
583,5,0,0
584,5,0,0
585,4,0,1
586,5,0,0
587,1,0,4
588,5,0,0
589,5,0,0
590,5,0,0
591,0,0,5
592,3,0,2
593,5,0,0
594,5,0,0
595,5,0,0
596,0,0,5
597,5,0,0
598,5,0,0
599,5,0,0
600,0,0,5
601,5,0,0
602,5,0,0
603,4,0,1
604,2,0,3
605,0,0,5
606,5,0,0
607,5,0,0
608,5,0,0
609,5,0,0
610,5,0,0
611,5,0,0
612,0,0,5
613,5,0,0
614,5,0,0
615,5,0,0
616,5,0,0
617,4,0,1
618,5,0,0
619,5,0,0
620,5,0,0
621,5,0,0
622,5,0,0
623,5,0,0
624,5,0,0
625,5,0,0
626,5,0,0
627,5,0,0
628,5,0,0
629,5,0,0
630,5,0,0
631,0,0,5
632,0,0,5
633,4,0,1
634,0,0,5
635,5,0,0
636,5,0,0
637,2,0,3
638,4,0,1
639,5,0,0
640,5,0,0
641,5,0,0
642,5,0,0
643,0,0,5
644,0,0,5
645,5,0,0
646,0,0,5
647,5,0,0
648,5,0,0
649,5,0,0
650,5,0,0
651,5,0,0
652,4,0,1
653,5,0,0
654,5,0,0
655,5,0,0
