Group_ID,mean,std,min,max
1,0.30535033345222473,0.02509888693601088,0.2748106122016907,0.3434971868991852
2,0.28731374144554134,0.014063682513035376,0.2682063281536102,0.3017895817756653
3,0.515214455127716,0.004978616590804605,0.5083900690078735,0.5201643109321594
4,0.5732481360435486,0.015991007742284732,0.5515981316566467,0.588896632194519
5,0.406622177362442,0.027291251285200113,0.3750974535942077,0.4413219392299652
6,0.7349119186401367,0.028076843266021098,0.7072490453720093,0.7706207036972046
7,0.6624155521392823,0.026957499210614636,0.6379985809326172,0.7078911066055298
8,0.6411046504974365,0.02844278699033528,0.6065487861633301,0.6630780696868896
9,0.48347628116607666,0.08204190383213039,0.3387138247489929,0.538489580154419
10,0.43314849138259887,0.023477204089007928,0.3993802666664123,0.4624224901199341
11,0.7858032703399658,0.013555504931128613,0.7692198753356934,0.803214430809021
12,0.1991910755634308,0.003600537274205167,0.1945451647043228,0.2042006552219391
13,0.4995434761047363,0.041661000497871824,0.4510499238967895,0.5590518712997437
14,0.33899686932563783,0.05537578302319041,0.2829465270042419,0.4145858585834503
15,0.19759252965450283,0.014401501359582023,0.1831612288951873,0.2193970829248428
16,0.4456446409225464,0.031240220505215202,0.401275485754013,0.4753670692443847
17,0.5150657296180725,0.04374977915402615,0.482558399438858,0.5842238664627075
18,0.1634449809789657,0.016811628993465694,0.1459860801696777,0.1877734363079071
19,0.3454461395740509,0.016792361293762756,0.324586272239685,0.3685240745544433
20,0.4762007236480713,0.020533913929877655,0.4553262591361999,0.5088393688201904
21,0.14158641695976254,0.008294562672516699,0.1315212696790695,0.1535060703754425
22,0.5534205794334411,0.024123929304357854,0.5329190492630005,0.5933223962783813
23,0.2637318342924118,0.024424409969475286,0.2347957193851471,0.2946508526802063
24,0.5088935732841492,0.014654074324519635,0.4892997741699219,0.5243402123451233
25,0.34242253899574276,0.016962518908742823,0.3185004293918609,0.3603746592998504
26,0.18070046603679651,0.043861725502328044,0.1078141033649444,0.2185837924480438
27,0.6467612624168396,0.05604678729787838,0.5803011655807495,0.7006852626800537
28,0.1681425869464874,0.011398968005568949,0.1547837257385254,0.1824248731136322
29,0.2590720653533935,0.02003342819009324,0.2341639697551727,0.2743802666664123
30,0.3234216511249542,0.027125726375668617,0.2998139858245849,0.3622649312019348
31,0.3509853780269623,0.008253591435846567,0.3421761691570282,0.3601757287979126
32,0.28431267738342286,0.01560732690377913,0.2694005072116852,0.3035935163497925
33,0.32544758319854733,0.020563911954202194,0.3006866574287414,0.3530625700950622
34,0.5586811304092407,0.05135238181635988,0.4854738712310791,0.6255435943603516
35,0.4031162619590759,0.021124795521084868,0.3702336549758911,0.4211790859699249
36,0.15860151350498194,0.011079353583413849,0.1493373662233352,0.1771293431520462
37,0.2419020533561706,0.019470643077916808,0.2264603823423385,0.2731290459632873
38,0.1748573631048202,0.015009224448655316,0.15760438144207,0.1939741969108581
39,0.7327343225479126,0.008516991070056866,0.7189370393753052,0.7418029308319092
40,0.3812572479248047,0.0180438860847315,0.3601030707359314,0.4008103013038635
41,0.479032039642334,0.03908194161715893,0.4257805943489074,0.5322883129119873
42,0.4540241241455078,0.01740252668324927,0.4276643693447113,0.4762749373912811
43,0.6855356931686402,0.02806355190813826,0.6474618315696716,0.7199944257736206
44,0.703671908378601,0.03149277860742406,0.6683260202407837,0.7467883229255676
45,0.1782291769981384,0.005926645596448581,0.1719667017459869,0.1853492856025695
46,0.32466713786125184,0.04432480703063145,0.2831968665122986,0.3832877874374389
47,0.4111465811729431,0.032851163955917737,0.3805035352706909,0.4587003290653229
48,0.7187248229980469,0.048840546755080566,0.6490151286125183,0.7630411386489868
49,0.7801219820976257,0.013034842992991636,0.7654341459274292,0.7920223474502563
50,0.45819381475448606,0.028855289059367104,0.4201942682266235,0.4884428381919861
51,0.3418374240398407,0.03716313226322443,0.3028295636177063,0.3895568549633026
52,0.43479062914848327,0.013350232261644055,0.4135447144508362,0.4501330852508545
53,0.34576295018196107,0.01977858642258173,0.3245598375797272,0.3683779239654541
54,0.3068150997161865,0.02300260680936834,0.2741478383541107,0.3337684571743011
55,0.1868894755840301,0.015621742713267986,0.1669688671827316,0.2055687457323074
56,0.1914873600006103,0.02377739098970993,0.1675830483436584,0.2175076901912689
57,0.6670525193214416,0.05541820629925521,0.5713751912117004,0.7135540246963501
58,0.43619256615638735,0.028252599969336465,0.4054786562919616,0.4771723747253418
59,0.31391710638999937,0.01435602827496274,0.2963230609893799,0.3318359553813934
60,0.25906016826629635,0.00393150269563468,0.2537644505500793,0.2634992897510528
61,0.4605006992816925,0.01605282216588648,0.4360435009002685,0.4811628758907318
62,0.4559755861759185,0.016750688248459048,0.4370781779289245,0.4791852235794067
63,0.4917125880718231,0.049254329209389505,0.4428472518920898,0.5478076934814453
64,0.441234689950943,0.03138741880353301,0.4077902734279632,0.47833451628685
65,0.5604540944099426,0.015559850258273483,0.5481573343276978,0.5862534046173096
66,0.2338705956935882,0.013589692289196108,0.2174458503723144,0.2476935684680938
67,0.52769775390625,0.052217729576281006,0.4367632269859314,0.5612629652023315
68,0.5687108755111694,0.014095802297397321,0.5547909736633301,0.5892212390899658
69,0.5060671150684357,0.07022630848666292,0.3987116813659668,0.5700913071632385
70,0.27466232776641847,0.019563425127126367,0.2561793923377991,0.3001730442047119
71,0.18683122396469115,0.016754718365194828,0.1676949709653854,0.2108466923236847
72,0.35377501249313353,0.022402161117663955,0.3158967196941376,0.3735531568527221
73,0.6019451975822449,0.027742339024314645,0.5817846655845642,0.6503469944000244
74,0.49619901180267334,0.03487503132489423,0.4457057118415832,0.5387309789657593
75,0.5361943542957306,0.03332615275548115,0.4897449314594269,0.5809489488601685
76,0.47020161151885986,0.009610696415556709,0.4600933492183685,0.4823552370071411
77,0.39367886185646056,0.022358665022673904,0.3569235205650329,0.4125180244445801
78,0.669340193271637,0.024634369574899728,0.6407954692840576,0.6981446743011475
79,0.48783687750498456,0.4273711514327892,0.0,0.7962338924407959
80,0.46023544669151306,0.2564431824024734,0.1878031194210052,0.763678789138794
81,0.35680422484874724,0.2323894619908792,0.1697321832180023,0.6179257035255432
82,0.5465197443962098,0.10728097049026353,0.4267429411411285,0.6358552575111389
83,0.3909728944301605,0.05198558377462265,0.3280023038387298,0.4458369016647339
84,0.47423883676528933,0.20331344824236797,0.2953854203224182,0.7027981281280518
85,0.5588782727718353,0.11549034212774123,0.4056864082813263,0.6768197417259216
86,0.3072576493024826,0.13356331991556164,0.1644094735383987,0.4525316953659057
87,0.25536225736141205,0.12329277153938574,0.1529012322425842,0.4134051203727722
88,0.33383294641971584,0.1309465808232964,0.1989361494779586,0.4805290102958679
89,0.27141950726509095,0.09905602486468289,0.1656802743673324,0.3784828186035156
90,0.38153243660926817,0.032018513165923086,0.3334377408027649,0.4124553799629211
91,0.382752376794815,0.030540037582907915,0.3286305665969848,0.4027986526489258
92,0.38826098442077633,0.023059925545163583,0.3505380749702453,0.4133480787277221
93,0.41851385235786437,0.0554005439192706,0.3704515099525451,0.498565673828125
94,0.4425779700279236,0.05818268138590913,0.3758110105991363,0.5095464587211609
95,0.32221956849098204,0.1145071482951452,0.1703129410743713,0.4219542741775512
96,0.27366160750389096,0.09035184522526384,0.1937949955463409,0.3914453685283661
97,0.4061314821243286,0.050632661230695396,0.3433032631874084,0.4607530534267425
98,0.4757877826690674,0.03146850187011179,0.4411734938621521,0.5158525705337524
99,0.32960391938686373,0.13846491152227897,0.1698657125234604,0.4475269615650177
100,0.2236931562423706,0.06444687755380314,0.1557069718837738,0.3047480881214142
101,0.286407333612442,0.027066669213501333,0.2555869221687317,0.3175446391105652
102,0.3287086606025696,0.09500140256251882,0.2510877251625061,0.4582195281982422
103,0.4062293529510498,0.03057008702331276,0.3608425855636596,0.4441951215267181
104,0.28657444119453424,0.11434018758052378,0.1535974740982055,0.4040833115577698
105,0.27449187338352204,0.13356163340864788,0.1693861335515976,0.4365651607513428
106,0.3190645068883896,0.09697391557989304,0.1993458122014999,0.4054260551929474
107,0.2263200759887695,0.042377286381787595,0.1649084389209747,0.2755858898162842
108,0.22201218903064723,0.02631483936726749,0.1937056183815002,0.258618026971817
109,0.22789629995822902,0.04763777532319617,0.1881613433361053,0.3005401492118835
110,0.2456162124872207,0.04196856420127074,0.1988357752561569,0.2870167791843414
111,0.275096595287323,0.09722338629324662,0.2022307366132736,0.3873353898525238
112,0.46517411470413206,0.10437448744364722,0.3753089308738708,0.5986452102661133
113,0.5769842505455017,0.052040333821150433,0.5311097502708435,0.6547194719314575
114,0.5982521057128907,0.07860157377012618,0.5315096974372864,0.7001641988754272
115,0.5559553265571594,0.16497048465994812,0.3538771271705627,0.7020347714424133
116,0.28742883503437044,0.07960670163478689,0.1806652694940567,0.3639262914657593
117,0.22115039825439453,0.03590307669244892,0.1717343032360077,0.2510197758674621
118,0.24123288094997403,0.03186922781935091,0.2095219194889068,0.2875048220157623
119,0.23017812669277188,0.049860281218220455,0.1799349188804626,0.2882708609104156
120,0.2393982976675033,0.05059117978390957,0.1773200780153274,0.2875477075576782
121,0.26733982563018793,0.11314095322819549,0.1760126948356628,0.4035452008247375
122,0.4463924467563629,0.10658493040880042,0.3695122599601745,0.6001672744750977
123,0.5248273074626922,0.02287192387235559,0.4956115186214447,0.5565298795700073
124,0.5712767958641052,0.0807253657930946,0.508790135383606,0.6720667481422424
125,0.6249222874641418,0.08082523531756926,0.5007294416427612,0.6921756267547607
126,0.39868308901786803,0.20076050670524606,0.1451782137155532,0.5537986755371094
127,0.30847789049148555,0.16616032182691318,0.1800443530082702,0.4961996674537658
128,0.542300534248352,0.04786090449508935,0.474706768989563,0.5903948545455933
129,0.44730663299560547,0.17286895807521954,0.2518877983093261,0.6105380058288574
130,0.30810120999813073,0.07508631331590306,0.2409489899873733,0.4185935258865356
131,0.42999657392501833,0.08910183309286257,0.3574994206428528,0.5485095977783203
132,0.4225266844034195,0.2074557967290371,0.1631459891796112,0.5882604122161865
133,0.18459431231021878,0.024888135300860363,0.1549947559833526,0.2151089757680893
134,0.29546367228031156,0.15137533987541296,0.1642723232507705,0.4617900848388672
135,0.49779133796691893,0.07289572033110697,0.4317529797554016,0.5813947916030884
136,0.577369236946106,0.010930497606203491,0.5623785853385925,0.5891350507736206
137,0.4963126301765442,0.10961168544620703,0.3688780665397644,0.5860331058502197
138,0.4321159362792969,0.0632017281061939,0.3667128682136535,0.5206603407859802
139,0.48956952691078187,0.016655026747911163,0.4761780500411987,0.516528844833374
140,0.40097171664237974,0.038130507232182,0.3594703078269958,0.4526656866073608
141,0.31537495553493494,0.09417206216078836,0.2059165388345718,0.3957841098308563
142,0.2290286302566528,0.057667381237121194,0.1762930899858474,0.3211440145969391
143,0.4088474720716476,0.3208691187225776,0.1743844747543335,0.8071264028549194
144,0.6405956506729126,0.10939879037519182,0.5099411606788635,0.7450217008590698
145,0.5238382875919342,0.027693019357261893,0.4965203106403351,0.5691695213317871
146,0.5216443657875061,0.04803151149927476,0.4608854651451111,0.5928546190261841
147,0.5145287334918975,0.11180229504013829,0.3619031906127929,0.6109594106674194
148,0.42941789627075194,0.04583276579437528,0.3621282577514648,0.4733802080154419
149,0.447312718629837,0.01598123962409718,0.4329806268215179,0.4730764925479889
150,0.3835877358913421,0.05729245207999703,0.320241630077362,0.4626572132110595
151,0.35415495634078975,0.07164991457329638,0.2962984442710876,0.4588390290737152
152,0.3934100866317749,0.11882610455373228,0.2613403797149658,0.5039981007575989
153,0.29670425057411187,0.0461766248982576,0.2441428899765014,0.3373489081859588
154,0.35357868671417236,0.013735797725407181,0.3388919830322265,0.3697204887866974
155,0.3533828794956207,0.013799566386046814,0.3350604772567749,0.366588681936264
156,0.4146845996379852,0.09401316002586979,0.3390106558799743,0.535129189491272
157,0.4885438084602356,0.07998980077634776,0.3847233057022095,0.5768084526062012
158,0.37371702790260314,0.04342296921335337,0.3198166191577911,0.411087691783905
159,0.35512922406196595,0.02707973469896293,0.3145824074745178,0.3845646381378174
160,0.4094327449798584,0.05238627878872066,0.3624820709228515,0.468452513217926
161,0.39755470752716066,0.056743079552272126,0.3215899467468261,0.4574355483055115
162,0.2845424592494964,0.08489703831700429,0.1907291412353515,0.3545249700546264
163,0.2863228321075439,0.12107962560023743,0.1821087300777435,0.4281267523765564
164,0.3618514120578765,0.06553733242660686,0.287938117980957,0.4195425510406494
165,0.435444712638855,0.21061203958980595,0.308886855840683,0.8017451763153076
166,0.3971921682357788,0.0953776441366714,0.2781366109848022,0.4678416848182678
167,0.4742837309837341,0.21973306850858523,0.3119726479053497,0.7446709275245667
168,0.5719193339347839,0.16807795461963737,0.3880245089530945,0.7198449373245239
169,0.44359004497528076,0.0986437021242586,0.3671208620071411,0.5650591254234314
170,0.4352284729480743,0.17862741705615595,0.2293863594532013,0.5998325347900391
171,0.28706325292587276,0.04766691236947897,0.2402974069118499,0.3505718111991882
172,0.40832397937774656,0.11434304569883831,0.2889892756938934,0.5383203029632568
173,0.6282926797866821,0.16001922392566806,0.5006982684135437,0.8059239983558655
174,0.7437477231025695,0.06914482025615101,0.6508836150169373,0.8146525621414185
175,0.5678621292114258,0.14850791578403416,0.3987406492233276,0.6993299722671509
176,0.44909911751747134,0.07248290623161409,0.3870466351509094,0.5490064024925232
177,0.451712441444397,0.13969925516930454,0.2986074686050415,0.5720072984695435
178,0.3393794775009155,0.08539092749261601,0.2602752447128296,0.4434981346130371
179,0.35967157483100887,0.07927067211054721,0.251421570777893,0.4337328970432281
180,0.41957432627677915,0.19446543705546668,0.2436623573303222,0.6523604989051819
181,0.5223086416721344,0.12285232017718843,0.3723669052124023,0.6248511075973511
182,0.443217808008194,0.07232820117833648,0.3775848150253296,0.5497384071350098
183,0.4307436585426331,0.10024854862971964,0.2992235422134399,0.5192465782165527
184,0.2987589478492737,0.015114588596069583,0.2773428857326507,0.3185282349586487
185,0.4396239995956421,0.18873964520247746,0.2961479425430298,0.6592366695404053
186,0.6184305906295776,0.058544892836538555,0.5542865991592407,0.6829043626785278
187,0.5490504622459411,0.020089443752147745,0.5211730003356934,0.573851466178894
188,0.5279380798339843,0.0593606162079944,0.4548013210296631,0.5982462763786316
189,0.4971315383911133,0.013086378109078659,0.4747781753540039,0.5068999528884888
190,0.549441808462143,0.11791702083380591,0.4307292401790619,0.6969377994537354
191,0.6086431980133057,0.06409293932167247,0.5266118049621582,0.6754856705665588
192,0.5585459113121033,0.018103519254673912,0.5341571569442749,0.5790640711784363
193,0.45260959267616274,0.1517506965353451,0.284302145242691,0.5774257779121399
194,0.31694512367248534,0.02948943302652643,0.2776194810867309,0.3572010099887848
195,0.42488157749176025,0.16954435095773612,0.268288254737854,0.6133506298065186
196,0.6083601117134094,0.060541898452385536,0.540424108505249,0.6739625930786133
197,0.5603742361068725,0.03929235539812811,0.4983811974525451,0.5961481332778931
198,0.534718245267868,0.05315656202424217,0.4714139401912689,0.5981191992759705
199,0.4448071360588074,0.017657763653955532,0.4284508228302002,0.4701477885246277
200,0.5526941061019898,0.08040796075913291,0.4810619354248047,0.6408316493034363
201,0.5989135265350342,0.06696171325445999,0.5259079337120056,0.6855147480964661
202,0.4571948409080505,0.1517853480147097,0.2680782675743103,0.5735552310943604
203,0.3446081876754761,0.10912304416132655,0.2463938593864441,0.4678281843662262
204,0.33043806254863733,0.16728421214476774,0.1442018300294876,0.4694070518016815
205,0.15885364115238187,0.02292296732933467,0.1386739909648895,0.1920134574174881
206,0.3282449275255203,0.20929347244475105,0.1494215875864029,0.5574581623077393
207,0.45086740851402285,0.1566978104386848,0.2681748569011688,0.5903418064117432
208,0.3284483522176742,0.12067551530082825,0.2120839804410934,0.4777085483074188
209,0.41974193453788755,0.039817961711871075,0.3689174056053161,0.4652651250362396
210,0.30401844084262847,0.12635086702327533,0.1774819046258926,0.4548941552639007
211,0.31968614310026167,0.21894114031937736,0.1106909736990928,0.5592328906059265
212,0.5670758485794067,0.05738670761065536,0.4865068793296814,0.6288527250289917
213,0.6077190995216369,0.021492746684138624,0.5878041982650757,0.642032265663147
214,0.6329226732254029,0.05548177246359284,0.5677981972694397,0.7049087882041931
215,0.5450770556926727,0.2438425941940581,0.2580838501453399,0.7294755578041077
216,0.3561328053474426,0.09814659903167905,0.2549171447753906,0.4745066463947296
217,0.3944867551326751,0.050957656114923006,0.3105242252349853,0.4494448602199554
218,0.3194389760494232,0.08251674022598625,0.2304061353206634,0.4252640604972839
219,0.24758368134498596,0.04880605013631899,0.1689927577972412,0.3009320199489593
220,0.266240507364273,0.08638341897590844,0.1800567209720611,0.369059681892395
221,0.4597537934780121,0.12625705892379266,0.3615550100803375,0.6239595413208008
222,0.6092889547348023,0.029315751519655254,0.5794471502304077,0.6409519910812378
223,0.41611191928386687,0.25142001114802526,0.1332947909832,0.627862811088562
224,0.385291251540184,0.34640454394144704,0.1263523399829864,0.7916195392608643
225,0.5337701916694642,0.27973089628102765,0.2187328934669494,0.7448683977127075
226,0.24932494461536403,0.008734377088997058,0.2379717528820037,0.2600756883621216
227,0.41011248230934144,0.25107260621800803,0.209905594587326,0.6970444917678833
228,0.6168132245540618,0.10082033861108021,0.4883674681186676,0.7128062844276428
229,0.5981311678886414,0.047364678663932715,0.54670649766922,0.6694906949996948
230,0.4819036483764648,0.09265611608838145,0.376078337430954,0.5741026401519775
231,0.3778060495853424,0.010014534190136785,0.3633957505226135,0.3879444301128387
232,0.39104474782943727,0.017187977035108885,0.3611377477645874,0.4039185047149658
233,0.38271849751472475,0.022735880041233104,0.3485300242900848,0.4089273512363434
234,0.42896979451179507,0.09983888563435409,0.3376677334308624,0.5406419634819031
235,0.5441187500953675,0.028687464486261027,0.5062874555587769,0.5729427337646484
236,0.4932396709918976,0.07295922646020948,0.4048841595649719,0.5635226964950562
237,0.38273062705993655,0.03499074545312445,0.3416625261306762,0.4259330630302429
238,0.36642336845397944,0.060979582836141015,0.2982110977172851,0.4315993785858154
239,0.40075469613075254,0.022761649426401524,0.3697877824306488,0.422560453414917
240,0.32369387745857237,0.06701318052435903,0.2263690531253814,0.4046194553375244
241,0.2908929139375686,0.11236631442835707,0.164698913693428,0.4076182246208191
242,0.4252037823200226,0.030783644678145136,0.397127628326416,0.4745427668094635
243,0.3903991222381592,0.09247278509415159,0.2840155959129333,0.4718482792377472
244,0.41144529581069944,0.16003203444152558,0.2651164531707763,0.6228845715522766
245,0.44093497693538664,0.18112099653188932,0.2115747183561325,0.5907865762710571
246,0.42652312517166135,0.237292578007798,0.2346450686454773,0.6980652213096619
247,0.5411183416843415,0.17755957097367472,0.3456145823001861,0.6791905760765076
248,0.34637703299522393,0.04050254144670254,0.3083807826042175,0.4093239903450012
249,0.5579949975013733,0.16065654860324158,0.4165151715278625,0.7384668588638306
250,0.6624449849128723,0.1157891381155427,0.5139961242675781,0.7575233578681946
251,0.4546315610408783,0.06191654838853411,0.3845410048961639,0.5199739336967468
252,0.3331578582525253,0.1011418448909002,0.2158844321966171,0.4212040305137634
253,0.240007996559143,0.05620666673037481,0.1826722025871276,0.3059695363044739
254,0.24588957130908962,0.06339244148139189,0.164246991276741,0.3064382374286651
255,0.1755706220865249,0.03808125145949029,0.1329416036605835,0.2284489125013351
256,0.17089906632900237,0.04303481982713081,0.1370214521884918,0.2263636440038681
257,0.20369079709053034,0.04556458881056511,0.1490242481231689,0.263265460729599
258,0.38630046546459196,0.2220469731861165,0.2007105946540832,0.6312292814254761
259,0.4360982596874237,0.2197314060960924,0.2192572653293609,0.6747699975967407
260,0.22026101648807522,0.02019974625518648,0.2012893855571746,0.2447078078985214
261,0.37275606691837304,0.26539311593745923,0.1524338871240615,0.6667029857635498
262,0.5192673623561859,0.295979737031075,0.2052769362926483,0.8061525821685791
263,0.2778911530971527,0.06408486661131882,0.2254862636327743,0.3581853210926056
264,0.42947163581848147,0.07331685708195404,0.338945209980011,0.5132972002029419
265,0.4122111678123474,0.04617824441714904,0.3607535064220428,0.4704869985580444
266,0.403304386138916,0.03143439194357221,0.3748176693916321,0.4425022900104522
267,0.332359367609024,0.13812670981994127,0.1838437020778656,0.4746211171150207
268,0.18675591647624964,0.018185057813544823,0.1690503507852554,0.2157025188207626
269,0.23692434430122372,0.08337718266206215,0.1675097793340683,0.3312504589557647
270,0.40624945163726806,0.10226587149963419,0.3201184868812561,0.5242512226104736
271,0.5717842817306519,0.06997723949518264,0.5140577554702759,0.6524546146392822
272,0.5783630609512329,0.13286313481786788,0.429265558719635,0.6778236627578735
273,0.5285880208015442,0.13400552768684826,0.4148173928260803,0.6827539205551147
274,0.580196738243103,0.13777264107680634,0.4224560558795929,0.701338529586792
275,0.49764959812164306,0.10715156996299487,0.4132124185562134,0.6147600412368774
276,0.5293085455894471,0.12596557575277825,0.352927565574646,0.639139711856842
277,0.5622792065143585,0.19573746496197977,0.3820358514785766,0.7774530053138733
278,0.6118420481681823,0.23485266205140523,0.3202452063560486,0.7944180965423584
279,0.2791864544153213,0.07590984661170058,0.1825853139162063,0.3373506367206573
280,0.3654754817485809,0.23975148958552392,0.1888364255428314,0.7321745157241821
281,0.4262374073266983,0.2172429942696069,0.1997279822826385,0.6537685990333557
282,0.3139078915119171,0.12045650323829801,0.207535982131958,0.4745633602142334
283,0.4883470952510834,0.10069259249823982,0.3765366673469543,0.5967838168144226
284,0.4034817606210709,0.20048733751584463,0.1851689517498016,0.5881304740905762
285,0.2779726624488831,0.11257782775832158,0.1872621178627014,0.4158671796321869
286,0.32562099397182465,0.12919751023746792,0.1805071234703064,0.453851580619812
287,0.3945219784975052,0.27616256488464147,0.1915704607963562,0.700243353843689
288,0.7014596104621887,0.01144657783352741,0.6815832853317261,0.7104249000549316
289,0.7070758700370788,0.021848914909761524,0.6833237409591675,0.7363864183425903
290,0.6533944249153137,0.08790629826866869,0.5488130450248718,0.7369906306266785
291,0.4732015788555145,0.08757614449644946,0.3414539396762848,0.5381213426589966
292,0.4384778141975403,0.08584301578894718,0.3429849743843078,0.5321965217590332
293,0.4030742943286896,0.19466239186288742,0.1910518109798431,0.5717693567276001
294,0.286675488948822,0.11938196790830241,0.1772975623607635,0.4186425507068634
295,0.48020501136779786,0.04474000328556919,0.4379456639289856,0.5309995412826538
296,0.5777023077011109,0.05781354479074047,0.5271468162536621,0.6459189653396606
297,0.6715368390083313,0.02403284594370487,0.6448026299476624,0.6990301609039307
298,0.6867776274681091,0.01444628720965952,0.6734985113143921,0.7055728435516357
299,0.7061713814735413,0.01415972833495806,0.6843827366828918,0.7215427160263062
300,0.6367242097854614,0.09105820062287347,0.5368671417236328,0.7195565700531006
301,0.4712225735187531,0.09366343673721055,0.3617735207080841,0.5453442335128784
302,0.43673316240310667,0.0954663193307028,0.3386867642402649,0.553602397441864
303,0.4153173238039017,0.2006357755661787,0.1714624315500259,0.5776380896568298
304,0.289284947514534,0.11786670707757589,0.1899599432945251,0.4183687567710876
305,0.45246954560279845,0.0473353593086118,0.414756178855896,0.5228009223937988
306,0.5745048284530639,0.05827034199497844,0.5183689594268799,0.6530055403709412
307,0.47713886201381683,0.24415465553044552,0.1852062344551086,0.6648844480514526
308,0.3946504473686218,0.20131141431033386,0.2309053242206573,0.6147875785827637
309,0.44361095428466796,0.2328024287095469,0.1872833967208862,0.6262399554252625
310,0.3287870019674301,0.1934344796235025,0.165493756532669,0.5429601669311523
311,0.49101179242134096,0.12199537721335081,0.3522398769855499,0.6263741254806519
312,0.41314589977264404,0.057138875292137695,0.3429865837097168,0.4765254259109497
313,0.522956520318985,0.051330108667149016,0.4616650938987732,0.578005313873291
314,0.5053879082202911,0.07634598397374033,0.4203925430774688,0.5811601281166077
315,0.31475897133350367,0.12457457498588234,0.1787775009870529,0.4208146333694458
316,0.36059892475605004,0.2481033009490309,0.1676670014858245,0.6383804082870483
317,0.40031099021434785,0.19918029862271122,0.1834371387958526,0.5743326544761658
318,0.24724810421466822,0.04813891825117385,0.2012940347194671,0.3045122921466827
319,0.2733965277671814,0.022621944703068508,0.2408255934715271,0.2961030602455139
320,0.2639159232378005,0.02248381101134367,0.2345879524946212,0.2853384613990783
321,0.23502784371376037,0.06545185968980181,0.1519702672958374,0.318078339099884
322,0.25849508345127103,0.10852556108912434,0.1730389297008514,0.3788358569145202
323,0.29224043190479276,0.08821146992453435,0.194252148270607,0.3664290904998779
324,0.3505332499742508,0.22171111856213882,0.1719931066036224,0.604084849357605
325,0.4459099769592285,0.22916400083073585,0.1892442405223846,0.6267597675323486
326,0.26202341914176935,0.07920460554556916,0.1936943084001541,0.3588029444217682
327,0.40492225885391236,0.07466941810088118,0.3099410831928253,0.4834977984428406
328,0.43956679105758667,0.05612811838806638,0.3612109422683716,0.4863834381103515
329,0.4164672017097472,0.031574134094334294,0.3691586554050445,0.4401379227638244
330,0.41440196633338927,0.02790278491256738,0.3852111101150512,0.4516818821430206
331,0.29039600193500514,0.111189720878701,0.1644184589385986,0.3813170790672302
332,0.2753876656293869,0.1351700629648866,0.1697615385055542,0.4417263269424438
333,0.37799986600875857,0.03949263087974033,0.3303787112236023,0.4195610284805298
334,0.2930391579866409,0.11569853532964704,0.1515186578035354,0.4203755259513855
335,0.20986381769180293,0.04626262303740503,0.1607577204704284,0.2621511220932007
336,0.22921612262725827,0.05783971351308478,0.1628615260124206,0.3067399263381958
337,0.20798720717430114,0.04373444962618563,0.1677871346473693,0.2682579457759857
338,0.23146604001522064,0.03410959981941182,0.1708368808031082,0.2502157688140869
339,0.2835603505373001,0.047972378663724204,0.2419445216655731,0.3370615243911743
340,0.2768612921237945,0.05790488223057354,0.2211110591888427,0.360591173171997
341,0.2253561437129974,0.008120830870556539,0.2148988991975784,0.2339210659265518
342,0.3569510281085968,0.16613239483553036,0.2129319608211517,0.5410652160644531
343,0.5206718623638154,0.030690398080628446,0.4882499277591705,0.553997814655304
344,0.3771043241024017,0.16284255214080198,0.1971905976533889,0.5227029919624329
345,0.18257028162479397,0.009376707828246709,0.1687503308057785,0.1910003572702407
346,0.40411476790905,0.310560144469774,0.1601193696260452,0.7464631795883179
347,0.4472263276576996,0.19838043524127083,0.2204224169254303,0.6203089356422424
348,0.2961236149072647,0.0660027171169945,0.2406238466501236,0.3924690186977386
349,0.39674867391586305,0.039282818208229535,0.3443615436553955,0.4450047016143799
350,0.4499275624752045,0.02849943750009037,0.4233892560005188,0.4891050457954407
351,0.44475181102752687,0.11043136340537323,0.3104313611984253,0.5349878668785095
352,0.2715177714824676,0.08575291068528053,0.1649947166442871,0.3410428464412689
353,0.3046052426099777,0.17446973223707765,0.1686208844184875,0.5103601217269897
354,0.48106521368026733,0.04596219613508419,0.4248474836349487,0.5491961240768433
355,0.35688723623752594,0.13199497059076337,0.2052788883447647,0.4578656852245331
356,0.24565198421478268,0.07794517403226033,0.1709714531898498,0.3307777047157287
357,0.3212390959262848,0.02810347165361737,0.2969895601272583,0.364223301410675
358,0.27591896951198575,0.07920727337880991,0.1865888983011245,0.3451202511787414
359,0.2633139044046402,0.09913180718385231,0.1779196560382843,0.3725680708885193
360,0.290044230222702,0.10476138157926632,0.1660210192203521,0.374325543642044
361,0.30480325520038604,0.1831548887046684,0.159877747297287,0.5074923038482666
362,0.3844289809465408,0.1571071555422121,0.1965585350990295,0.528659462928772
363,0.21020411550998688,0.01823433613195318,0.1867129951715469,0.2351785898208618
364,0.27751930356025695,0.10752042258182488,0.1875037103891372,0.4047376811504364
365,0.2902480959892273,0.12231454867966564,0.1446539163589477,0.3863262832164764
366,0.19243035316467283,0.02822134131749171,0.1677337288856506,0.2276510596275329
367,0.29604120254516597,0.05914965234595979,0.2185429632663726,0.3581369519233703
368,0.3365876615047455,0.01919401362800592,0.3206852674484253,0.3678807020187378
369,0.40139508843421934,0.07738278052148169,0.3328485488891601,0.5135083198547363
370,0.39970320463180536,0.09546280372311229,0.2925108969211578,0.478076159954071
371,0.37275533080101014,0.11783633545896502,0.274436891078949,0.5175579786300659
372,0.34915432035923,0.12898168741663082,0.2033983319997787,0.4922710061073303
373,0.41066606938838957,0.2689540456739192,0.1995658427476883,0.7168086767196655
374,0.6053900480270386,0.14039799355080396,0.4300635457038879,0.7099292278289795
375,0.3372003525495529,0.14590920193798854,0.1568473428487777,0.4832180440425873
376,0.32077498733997345,0.18548174606099738,0.1611361801624298,0.5529078245162964
377,0.3897747814655304,0.18729988330480143,0.1824678480625152,0.5391039848327637
378,0.1753903120756149,0.026236599626754734,0.1469004452228546,0.2155580520629882
379,0.179132729768753,0.04666174808617785,0.1227500736713409,0.2288755923509597
380,0.23249071240425107,0.0201925340234736,0.2003709375858307,0.2528493106365204
381,0.2595068126916885,0.04677956715075555,0.2177198529243469,0.3140923380851745
382,0.28090483546257017,0.03788393238596286,0.2506637871265411,0.3462257385253906
383,0.22365943193435664,0.04639575232894912,0.1695431172847747,0.2626197338104248
384,0.21513884961605068,0.043926307577446304,0.1603443026542663,0.2624872624874115
385,0.24020480811595912,0.04589570159194074,0.1840522289276123,0.2796375155448913
386,0.362717741727829,0.2052028186908899,0.2052306234836578,0.592340886592865
387,0.6640384912490844,0.08131417762603,0.5777424573898315,0.7515548467636108
388,0.5973622024059295,0.16052378791565616,0.3818415999412536,0.7466337084770203
389,0.40143221616744995,0.01759308053993318,0.3716899752616882,0.4164927005767822
390,0.4454112708568573,0.012900719841726582,0.4328210949897766,0.4666442573070526
391,0.4494208335876465,0.030969762957145753,0.4127052128314972,0.4776132702827453
392,0.4459268867969513,0.07365442919709078,0.3199315071105957,0.512161135673523
393,0.37767608761787413,0.19138629239813962,0.1524957716464996,0.5384733080863953
394,0.1683086678385734,0.03508682720761824,0.109725572168827,0.1946423351764679
395,0.1767236322164535,0.026400099107800355,0.1402062773704528,0.2120670974254608
396,0.17655900120735163,0.032714027044335355,0.1313809007406234,0.2237405180931091
397,0.348707789182663,0.16420510584454137,0.2058373987674713,0.5314454436302185
398,0.47987902760505674,0.05008586923978997,0.4126107692718506,0.528034508228302
399,0.41626380681991576,0.02202725329105749,0.3793416917324066,0.4369219839572906
400,0.4884422361850739,0.08487950325599557,0.4153167009353637,0.6048471331596375
401,0.659728753566742,0.07223482895899189,0.589957594871521,0.7403308749198914
402,0.603406298160553,0.19297202537148497,0.369749903678894,0.7588419318199158
403,0.4157435238361359,0.03468221074088938,0.3745796382427215,0.4467054903507232
404,0.4208632826805115,0.017566293140256112,0.3999148607254028,0.4402183294296264
405,0.32926293313503263,0.15088364689008008,0.1633543372154235,0.4738314151763916
406,0.17727663516998288,0.0400976028116898,0.1309970468282699,0.2248809188604354
407,0.32252736687660216,0.13699510718981509,0.2148984521627426,0.4939463138580322
408,0.36814390420913695,0.19493131376130018,0.1517629623413086,0.5235763788223267
409,0.19091781377792355,0.0028308736260009315,0.188046857714653,0.1955962777137756
410,0.25372562706470486,0.10380408308948283,0.1707178205251693,0.3864699900150299
411,0.33432917594909667,0.03136908088014496,0.303933709859848,0.3805346488952636
412,0.30099692344665524,0.02073129153549981,0.2699777483940124,0.3236426711082458
413,0.31177918612957,0.041572515654572796,0.2461723238229751,0.3499954342842102
414,0.2528959155082703,0.06010633644007692,0.1832456737756729,0.3134518265724182
415,0.2982441604137421,0.12601404845061792,0.1892500072717666,0.4394958019256592
416,0.4253400504589081,0.015958032885855993,0.4112515449523926,0.4507243633270263
417,0.43361503481864927,0.03274059261143329,0.3876904249191284,0.4788636267185211
418,0.3911349475383758,0.04847297336720451,0.3470069169998169,0.4685331284999847
419,0.3592283010482788,0.016494669977005775,0.3371378183364868,0.3783702254295349
420,0.4197946786880493,0.04964534810181313,0.3649866878986358,0.4902461469173431
421,0.33915253877639767,0.11933607186979,0.1996859610080719,0.4366093277931213
422,0.1948915213346481,0.01283046398970546,0.1855396032333374,0.2145592272281646
423,0.25772971510887144,0.11587057228295033,0.1591596603393554,0.3870627582073211
424,0.5553105413913727,0.239648337163492,0.3770683705806732,0.8246219158172607
425,0.8254668831825256,0.02673445235062837,0.7832467555999756,0.855202317237854
426,0.8352284908294678,0.0073735577424140645,0.8233801126480103,0.8431332111358643
427,0.8369604229927063,0.012727333199921606,0.8250641226768494,0.8564380407333374
428,0.8360128402709961,0.016545816874517474,0.8126507997512817,0.859125554561615
429,0.8567887663841247,0.02665321068861555,0.8284032940864563,0.8908913135528564
430,0.8221272945404052,0.014499013323115414,0.8049120903015137,0.8373363018035889
431,0.8611291766166687,0.0357322874851399,0.814441442489624,0.8971948027610779
432,0.7319948673248291,0.2160200185409755,0.4911027550697326,0.8922045230865479
433,0.5330206274986267,0.03666980626685401,0.5047932267189026,0.5935764312744141
434,0.4123854756355286,0.21388679691295437,0.1761057674884796,0.5995532870292664
435,0.3210602641105652,0.178906351202686,0.1881366670131683,0.5460585355758667
436,0.5488544225692749,0.07419921365915792,0.4744280576705932,0.6353250741958618
437,0.4417424023151398,0.045120574412040204,0.3881362378597259,0.5086016058921814
438,0.3362742334604263,0.115780477580418,0.188370019197464,0.430943489074707
439,0.18816610574722287,0.016672803854242083,0.1591815948486328,0.2017298340797424
440,0.38557918667793273,0.3180719841821187,0.1491911560297012,0.7375526428222656
441,0.6799535036087037,0.023491325450305956,0.6480057239532471,0.7135242223739624
442,0.7585381984710693,0.0847752034170503,0.6940120458602905,0.8560589551925659
443,0.6031001746654511,0.33179670569872793,0.2394530773162841,0.8536285758018494
444,0.21539099216461183,0.03109560604275235,0.1684901416301727,0.2404578477144241
445,0.35344096422195437,0.23755398001575534,0.1752060353755951,0.6194089651107788
446,0.4428802102804184,0.237455195268024,0.1742837131023407,0.6204365491867065
447,0.27906059026718133,0.11777772600528996,0.1802605986595153,0.4175830483436584
448,0.45634661316871644,0.04886862373969427,0.3965160846710205,0.5155771374702454
449,0.6035658478736877,0.1560928062729625,0.4734492003917694,0.7929593324661255
450,0.5906548857688904,0.24651759679158547,0.3101322054862976,0.7861155271530151
451,0.4884021461009979,0.260847911127935,0.2935493290424347,0.7808338403701782
452,0.7431750178337098,0.056961454649120086,0.6774248480796814,0.7955249547958374
453,0.637321949005127,0.09768241572939503,0.5161713361740112,0.7175248265266418
454,0.5987305283546448,0.07685570703960368,0.5175323486328125,0.6962920427322388
455,0.7392775893211365,0.08152333380856203,0.6541131138801575,0.8362646102905273
456,0.5192858338356018,0.25334780366404924,0.2261146306991577,0.7536453008651733
457,0.22863112390041346,0.04252152382324941,0.1711121201515197,0.2806282639503479
458,0.3278802782297134,0.22212887513722535,0.1406405866146087,0.5936059355735779
459,0.37747821509838103,0.19973447711579356,0.1557544767856598,0.5577548146247864
460,0.24435927867889404,0.10405152746912259,0.1517185568809509,0.362647145986557
461,0.2993680566549301,0.07522838329616302,0.1886561661958694,0.3725535273551941
462,0.3282943159341812,0.11349232188322364,0.2091920524835586,0.4675796031951904
463,0.5240634620189667,0.08779595487670208,0.4547735452651977,0.6431492567062378
464,0.46523227691650393,0.23665569108682952,0.2029535174369812,0.6448954343795776
465,0.20522195398807525,0.01343730876277953,0.1903005987405777,0.2265446782112121
466,0.2464708685874939,0.09843003223059746,0.1633717268705368,0.3577421307563782
467,0.3784197866916656,0.06064460335962651,0.2988516390323639,0.4413855671882629
468,0.3501098334789276,0.11631583167040725,0.2149529010057449,0.4503399729728699
469,0.21659590601921078,0.07437908702850235,0.1601645201444625,0.3446296155452728
470,0.2966838121414184,0.14989530033135007,0.1705388724803924,0.4677150547504425
471,0.4971471965312958,0.034319906546096186,0.464236319065094,0.5548704862594604
472,0.3868821144104004,0.23657505829274134,0.0,0.5627539157867432
473,0.0,0.0,0.0,0.0
474,0.5450646728277206,0.16065166343442083,0.4266621470451355,0.7787351608276367
475,0.524837052822113,0.01619533035800313,0.5076720714569092,0.5421136617660522
476,0.3387310802936554,0.036816576185919034,0.3011107742786407,0.3886159062385559
477,0.6167497038841248,0.013689350987493047,0.6035804152488708,0.6314858794212341
478,0.17965223789215085,0.016954041842178434,0.164108544588089,0.2071974575519561
479,0.23864095807075497,0.009323703307930021,0.2248126864433288,0.2508516609668731
480,0.20376536846160884,0.02778072395176289,0.1884846985340118,0.253053605556488
481,0.19964021742343901,0.007281555180978125,0.1915268898010254,0.2069754600524902
482,0.6363236427307128,0.007420860392334452,0.6281578540802002,0.6482865810394287
483,0.7643203377723694,0.017252149177501997,0.7351981997489929,0.7806462049484253
484,0.3738635241985321,0.015793681255421153,0.3565325140953064,0.3926537036895752
485,0.5286541819572449,0.006168238428652432,0.5232143402099609,0.5376387238502502
486,0.5521982073783874,0.01374138184234441,0.5407304763793945,0.5723942518234253
487,0.13997979611158368,0.030180623670471637,0.0892117694020271,0.1683665066957473
488,0.43011807203292846,0.01556639820417396,0.4054787158966064,0.4440197348594665
489,0.35842315554618837,0.009852601964017044,0.3470999598503113,0.3703438639640808
490,0.21140378117561331,0.014857555374765156,0.1936045289039611,0.2309608459472656
491,0.7977633237838745,0.01884632979223156,0.7665055990219116,0.8156166076660156
492,0.6778282999992371,0.03173761484026777,0.6369538903236389,0.7181307673454285
493,0.3158894956111908,0.0319706661995666,0.2890608310699463,0.3712431788444519
494,0.5322018027305603,0.026985814126584955,0.5164772272109985,0.5801892280578613
495,0.43298733830451963,0.02383130958543199,0.4115426540374756,0.4682080149650574
496,0.17035939693450924,0.02006413252182813,0.1462929844856262,0.1994690597057342
497,0.40224097967147826,0.018575928179870978,0.3888872265815735,0.4329303503036499
498,0.17420771121978754,0.028589828428974954,0.1454796344041824,0.2087036967277526
499,0.3414162456989288,0.01358513185711552,0.3266530334949493,0.3599961400032043
500,0.4471983313560486,0.022413721112820664,0.4324877560138702,0.4866540431976318
501,0.5406876325607299,0.045816764532932756,0.5041988492012024,0.6148996949195862
502,0.47154720425605773,0.030528524141406416,0.4274946451187134,0.5113950967788696
503,0.43664551377296446,0.03387938339795627,0.3840478062629699,0.4769533276557922
504,0.2220167905092239,0.029484866877591314,0.2001382410526275,0.2634042501449585
505,0.21196497380733487,0.019772478491659463,0.1931288391351699,0.2447903454303741
506,0.3546680152416229,0.012135808198464201,0.340887576341629,0.3738872408866882
507,0.4481961727142334,0.019911250233377684,0.4345745146274566,0.4813333749771118
508,0.46750770807266234,0.022855938396237348,0.4364227652549743,0.4995072185993194
509,0.4387670397758484,0.03671072707431809,0.3863261342048645,0.4893380105495453
510,0.5157057642936707,0.028222027159082348,0.47470223903656,0.5498629212379456
511,0.19055947661399836,0.007517900460378056,0.1799021959304809,0.1982098668813705
512,0.1965022206306457,0.006760018181322427,0.1914450824260711,0.2065404951572418
513,0.19185764491558072,0.030623126603489488,0.1639529317617416,0.237107902765274
514,0.3169794499874115,0.02529699673323385,0.2772634029388428,0.3456301689147949
515,0.1769525051116943,0.014400537734744832,0.1641052216291427,0.2008838057518005
516,0.1752337127923965,0.018289251539554255,0.1512698829174041,0.1983120739459991
517,0.2889304459095001,0.01966156363555546,0.2675539255142212,0.318564772605896
518,0.3674384653568268,0.017722286306082184,0.3457408845424652,0.3876166939735412
519,0.678153657913208,0.015540711196251144,0.657214343547821,0.692791759967804
520,0.7909041047096252,0.011996207525036088,0.7710923552513123,0.8035145998001099
521,0.4200254440307617,0.005060156856097095,0.4139086306095123,0.4258655309677124
522,0.2325441718101501,0.01121059412582047,0.2202175557613372,0.2441964000463485
523,0.20778085589408873,0.026938532192077477,0.1840305924415588,0.2509506642818451
524,0.4880097806453705,0.03930647659054333,0.4456444382667541,0.5284119844436646
525,0.5998230457305909,0.01148783513137681,0.5915217399597168,0.616805911064148
526,0.5144827008247376,0.01624130159284738,0.4938406944274902,0.5364477038383484
527,0.40869786143302916,0.02056459318390065,0.3789668679237366,0.4278753995895386
528,0.1712161064147949,0.027999032357632826,0.1469249725341797,0.218095451593399
529,0.2387008249759674,0.01130337339317034,0.2305786907672882,0.2568967044353485
530,0.2036241680383682,0.030490700493299373,0.1617458909749984,0.2452998459339141
531,0.35785588026046755,0.028872049351738132,0.3105077743530273,0.3835936188697815
532,0.32263767123222353,0.025300514346158036,0.2861369252204895,0.3554113805294037
533,0.2011274933815002,0.03654513733825605,0.1611892879009246,0.2404335439205169
534,0.24522163569927208,0.009778085074076879,0.2353359907865524,0.2563545405864715
535,0.21679097712039944,0.011409692272791374,0.2023836523294448,0.2310335636138916
536,0.6966643810272217,0.025679900296082234,0.6769788265228271,0.7414191961288452
537,0.1788910299539566,0.017597566626268418,0.1512198746204376,0.1934436857700348
538,0.15352198481559748,0.013056843979936646,0.1375678032636642,0.1709687411785125
539,0.1961639881134033,0.01950254651394005,0.1805979311466217,0.2265055626630783
540,0.20684737563133235,0.019237974783397074,0.1846756190061569,0.2279004156589508
541,0.602814543247223,0.013682546842316365,0.582187831401825,0.6197961568832397
542,0.26882805228233336,0.014222005154884433,0.2539349794387817,0.2839118540287018
543,0.5368641018867493,0.022943745564624456,0.5213731527328491,0.5772683620452881
544,0.18771124482154844,0.024356930278577393,0.164400577545166,0.223281592130661
545,0.21186623871326443,0.0179759656634694,0.1827403604984283,0.2275595664978027
546,0.4425890803337097,0.018681227274240483,0.4173499345779419,0.4662133157253265
547,0.594926369190216,0.037436291758999166,0.5466499328613281,0.6404110193252563
548,0.5628189325332642,0.009490959300754715,0.5547210574150085,0.5765974521636963
549,0.19157794117927546,0.00821423453776867,0.1827961057424545,0.204294204711914
550,0.67365003824234,0.02789266457951817,0.6404109001159668,0.7061880826950073
551,0.2423538386821747,0.013027571124837104,0.2201094329357147,0.2524147033691406
552,0.6585554480552673,0.017820839978142038,0.6292691230773926,0.6776747703552246
553,0.47326141595840454,0.033387181472314134,0.4468489289283752,0.5246435403823853
554,0.4036182701587677,0.04499385146850737,0.3569417595863342,0.4645109176635742
555,0.5010438144207001,0.007444094905598786,0.4913614392280578,0.511326789855957
556,0.1814059883356094,0.010391753032097951,0.1689506769180297,0.195600152015686
557,0.18761326372623438,0.01238615061515775,0.1679934561252594,0.198658287525177
558,0.19968249201774596,0.01929537230593953,0.1699537485837936,0.2164917290210724
559,0.2429131597280502,0.023723902668563737,0.2105686962604522,0.2682535052299499
560,0.44777911305427553,0.025235316516731283,0.4154495894908905,0.4716423153877258
561,0.49031431674957277,0.020910595172797693,0.4622858166694641,0.515163242816925
562,0.26279234588146205,0.021891872684110154,0.2414055317640304,0.2872640788555145
563,0.44483781456947324,0.03179488449431035,0.4065082669258117,0.4859634041786194
564,0.5789921462535859,0.05583659315843294,0.483415812253952,0.6249967217445374
565,0.2052200973033905,0.029126798624428154,0.1629993766546249,0.2416183054447174
566,0.22933823764324188,0.019715986424494868,0.2099855542182922,0.2607114315032959
567,0.2028362929821014,0.013379286072071603,0.193560242652893,0.2253071069717407
568,0.5272958040237427,0.019049750497397832,0.5106415748596191,0.5574087500572205
569,0.44667829275131227,0.0659550912333041,0.3456608057022095,0.5030744075775146
570,0.395902931690216,0.00812867241571109,0.3883648514747619,0.4079736173152923
571,0.4417350053787231,0.0347615670771406,0.3899405002593994,0.4668930768966675
572,0.41211968660354614,0.015119800607068516,0.3971166014671325,0.4364123344421386
573,0.451654839515686,0.025173378540004062,0.4081524014472961,0.4707217216491699
574,0.36574484109878536,0.021950100225875634,0.3393180966377258,0.386584997177124
575,0.3156211614608765,0.015485020643107146,0.2975856065750122,0.3399842381477356
576,0.18029974997043605,0.018372485941298457,0.1569969058036804,0.2039059996604919
577,0.16477517485618587,0.01035579811691921,0.1520013660192489,0.1747095286846161
578,0.26944596171379087,0.02334193046830168,0.2347806692123413,0.290886640548706
579,0.6995414972305298,0.0056742989505334665,0.6938347220420837,0.705657958984375
580,0.4487557590007782,0.019555047244573843,0.4188893437385559,0.4722644686698913
581,0.1763416767120361,0.012671371598564437,0.1598024070262909,0.1892676949501037
582,0.604143214225769,0.022350821228040704,0.5685898065567017,0.6252541542053223
583,0.23926821351051325,0.018174812204303902,0.2222974002361297,0.2672266364097595
584,0.19348695576190947,0.01594364082235286,0.1789805591106414,0.2172393500804901
585,0.49717719554901124,0.018062668569573885,0.4825135469436645,0.5276892185211182
586,0.16653089523315429,0.008180209938352225,0.1551654189825058,0.1738359332084655
587,0.5138468265533447,0.02443872085908188,0.4797074198722839,0.5450746417045593
588,0.18128470480442044,0.03192468238909796,0.1368622630834579,0.2220030128955841
589,0.33639776110649106,0.010593106097987755,0.3232689499855041,0.3504002392292022
590,0.20573368370532985,0.011178539401426015,0.1883383244276046,0.2181340605020523
591,0.5635364413261413,0.025835905670701324,0.5315538644790649,0.595583438873291
592,0.46952773332595826,0.06479554318619915,0.3538616597652435,0.5019733905792236
593,0.351283586025238,0.03229392717356217,0.310329258441925,0.4000563025474548
594,0.3997907757759094,0.030098960052988757,0.3642746210098266,0.440569132566452
595,0.21721558868885035,0.016577838986851612,0.1949537992477417,0.241745039820671
596,0.7639032483100892,0.012968735042470213,0.754126787185669,0.7867072820663452
597,0.4254898905754089,0.011104738498861417,0.4108556807041168,0.436895489692688
598,0.4096104562282562,0.04742557912535374,0.3619171679019928,0.4711502492427826
599,0.42035733461380004,0.006552441593767991,0.4111203849315643,0.4266341626644134
600,0.5555026292800903,0.059894415795511656,0.5162126421928406,0.6595338582992554
601,0.2524298816919327,0.05620774337392274,0.1637236475944519,0.3019171953201294
602,0.18719888925552364,0.007573982188260476,0.1759038865566253,0.1945114880800247
603,0.4546556532382965,0.029264794427134175,0.4340469539165497,0.5026001930236816
604,0.5256487965583801,0.037466554360236465,0.4934742450714111,0.5860438346862793
605,0.5671463012695312,0.023900641412264428,0.5254594683647156,0.5833957195281982
606,0.21681577563285828,0.009135770779547686,0.2045822739601135,0.2261952757835388
607,0.31124616265296934,0.016706318494141587,0.2833054363727569,0.327928215265274
608,0.4170991778373718,0.03293817885220933,0.3672972321510315,0.4450075924396515
609,0.39223437905311587,0.012405545667819805,0.3749648928642273,0.4022348821163177
610,0.40761199593544006,0.018625610040779516,0.3779700994491577,0.4296999871730804
611,0.20599894821643824,0.02065436101229393,0.185993880033493,0.2380952686071396
612,0.5804041266441345,0.019165365793153834,0.5617548823356628,0.610951840877533
613,0.3798728585243225,0.015327677402053272,0.364118754863739,0.4018444418907165
614,0.39205520153045653,0.04276082937713882,0.3469997644424438,0.453529417514801
615,0.19941785037517543,0.01794727891956722,0.1801537871360778,0.2253140062093734
616,0.17311769425868986,0.027310931289409337,0.1421573162078857,0.2102342993021011
617,0.3965889275074005,0.08057951847200685,0.3102830648422241,0.5009952783584595
618,0.1729284405708313,0.012791902627468951,0.15471813082695,0.1866457760334015
619,0.2893346011638641,0.02394710820364868,0.2613178491592407,0.3168409764766693
620,0.4003884494304657,0.05928724672575194,0.3357892036437988,0.470135748386383
621,0.21471158564090725,0.006870458045325381,0.2068049609661102,0.2233226299285888
622,0.35255268812179563,0.022396292682119658,0.3232969045639038,0.3835288882255554
623,0.25017681121826163,0.03218294038975388,0.2022846043109893,0.2792262434959411
624,0.3099872350692749,0.01524320136611147,0.300175130367279,0.336361289024353
625,0.43919970393180846,0.030202952420733533,0.396994948387146,0.4720229506492615
626,0.38398087620735166,0.034652610057880395,0.3486682772636413,0.441123366355896
627,0.46152888536453246,0.026422108158585086,0.4347241520881653,0.4971459507942199
628,0.3571815490722656,0.03640625656660625,0.3023475408554077,0.3892626762390136
629,0.1860518783330917,0.015734044681031536,0.1733488738536834,0.2109108865261078
630,0.30404665470123293,0.030215266552556814,0.2584358751773834,0.3431359231472015
631,0.6072339415550232,0.022049937346060103,0.5784446597099304,0.628797173500061
632,0.6661438465118408,0.040711530852415745,0.6100395321846008,0.7067323923110962
633,0.474608439207077,0.03262359495822208,0.4301646947860718,0.5156413316726685
634,0.5690870165824891,0.020994651808119363,0.5336835980415344,0.5855609178543091
635,0.19068337380886075,0.01515319133880012,0.1698318421840667,0.2065541893243789
636,0.17651999890804287,0.009727462026692883,0.1619426012039184,0.1863015294075012
637,0.4763570249080658,0.07360928296754599,0.3864033222198486,0.5629322528839111
638,0.4474805235862732,0.10854190543571991,0.2569895982742309,0.5297232866287231
639,0.3559213995933533,0.0211037787989022,0.3242419362068176,0.3772680163383484
640,0.4644781887531281,0.03163641025805278,0.4286219179630279,0.4995489418506622
641,0.17788118720054621,0.017367057692714842,0.1544324606657028,0.1974475979804992
642,0.2425886571407318,0.01606795897347586,0.2242675572633743,0.2661961317062378
643,0.6299577355384827,0.04100366326928129,0.5713584423065186,0.681797206401825
644,0.535404098033905,0.01828300933894468,0.5085644721984863,0.5505574345588684
645,0.17742718458175655,0.009932776732871124,0.1640524715185165,0.1907074898481369
646,0.5928237915039063,0.020504663950724186,0.5679924488067627,0.6164807081222534
647,0.390036255121231,0.012090259243448082,0.3758570551872253,0.4012181162834167
648,0.15554848611354827,0.007678698108412603,0.1443701386451721,0.1650930345058441
649,0.40512437224388115,0.02161135644935263,0.3862274587154388,0.4403768181800842
650,0.4120393216609955,0.018845816056443577,0.3880841732025146,0.4349740147590637
651,0.40057690143585206,0.05142319924111561,0.3455961942672729,0.4653166532516479
652,0.4378507137298584,0.04630700899314679,0.4088631868362427,0.5201334357261658
653,0.3481085002422333,0.017800933887138274,0.3238326013088226,0.3713721334934234
654,0.33448636531829834,0.03237627560127041,0.2954053282737732,0.3767458498477936
655,0.19856944680213923,0.009021914341873301,0.1834109276533126,0.2057168036699295
